PresenceofElement,,,,,,,,,,,,
,https://apps.cedcommerce.com/integration/walmart,https://petvetget.myshopify.com,,,,,,,,,,
,,,PresenceofElement,,,,,,,,,
,,,,,,,,,,,,
Links,,,,,,,,,,,,
,https://apps.shopify.com/facebook-marketplace-connector?surface_detail=cedcommerce&surface_inter_position=1&surface_intra_position=9&surface_type=search,https://apps.shopify.com/wish-marketplace-integration?surface_detail=cedcommerce&surface_inter_position=1&surface_intra_position=6&surface_type=search, https://apps.shopify.com/etsy-marketplace-integration?surface_detail=cedcommerce&surface_inter_position=1&surface_intra_position=3&surface_type=search,https://apps.shopify.com/tophatter-marketplace-integration?surface_detail=cedcommerce&surface_inter_position=1&surface_intra_position=9&surface_type=search,https://apps.shopify.com/sears-marketplace-integration?surface_detail=cedcommerce&surface_inter_position=1&surface_intra_position=9&surface_type=search,,,,,,,
,,,,,,Links,,,,,,
,,,,,,,,,,,,
,,,,,,,,,,,,
,,,,,,,,,,,,
,,,,,,,,,,,,
,,,,,,,,,,,,
OtherLinks,,,,,,,,,,,,
,https://dev.apps.cedcommerce.com/integration/walmart/product/index,https://dev.apps.cedcommerce.com/integration/walmart/order/index,https://dev.apps.cedcommerce.com/integration/walmart/profile/index,https://dev.apps.cedcommerce.com/integration/walmart/latest-updates/view?id=11,https://dev.apps.cedcommerce.com/integration/walmart/latest-updates/view?id=10,https://dev.apps.cedcommerce.com/integration/walmart/latest-updates/view?id=7,https://dev.apps.cedcommerce.com/integration/walmart/latest-updates/view?id=9,https://twitter.com/cedcommerce?ref_src=twsrc%5Egoogle%7Ctwcamp%5Eserp%7Ctwgr%5Eauthor,https://www.facebook.com/CedCommerce/,https://www.linkedin.com/authwall?trk=bf&trkInfo=AQGrBPXOEalMTQAAAWArrVUgzY5WsceJ1CPkoqrzfEgW-DO3zMyUpzVFZcUggY-w9cCL_t64GT8IECA2K47KDkyf85C4QwflYG-60kWt0fp_kf6esqnMnsXenfMWltS3hUX7Y7o=&originalReferer=&sessionRedirect=https%3A%2F%2Fwww.linkedin.com%2Fcompany%2Fcedcommerce,https://www.youtube.com/channel/UCLRUCC_jvKf4tfZ2omjaW8Q,
,,,,,,,,,,,,OtherLinks
,,,,,,,,,,,,
url,,,,,,,,,,,,
,dashboard url,etsydashboard,,,,,,,,,,
,,,url,,,,,,,,,
,,,,,,,,,,,,
,,,,,,,,,,,,
CreatingNewProduct,title,description,prodType,vendor,price,costperitem,inventory,weight,,,,
,Shorts,Shorts for men,Shorts,Auto,1000,1000,25,0.1,,,,
,,,,,,,,,CreatingNewProduct,,,
,,,,,,,,,,,,
UpdatingSimpleProductsAttributes,product,updateAttribute,updatedText,walmartJsonAtrribute,,,,,,,,
,Shorts,title,Shortss,product_title,,,,,,,,
,Shortss,description,Shortss,description,,,,,,,,
,Shortss,product type,Shortss,product_type,,,,,,,,
,Shortss,vendor,Shortss,vendor,,,,,,,,
,Shortss,price,5520,price,,,,,,,,
,Shortss,inventory,30,inventory,,,,,,,,
,Shortss,weight,2.5,weight,,,,,,,,
,Shortss,sku,254818,sku,,,,,,,,
,Shortss,barcode,359955204982,barcode,,,,,,,,
,,,,,UpdatingSimpleProductsAttributes,,,,,,,
,,,,,,,,,,,,
UpdatingVariantAttributes,product,variant,updateAttribute,updatedText,walmartJsonAtrribute,,,,,,,
,Jeans,40 / Grey,price,1333,price,,,,,,,
,Jeans,40 / Grey,weight,1.5,weight,,,,,,,
,Jeans,40 / Grey,sku,942443,sku,,,,,,,
,Jeans,40 / Grey,barcode,357199674852,barcode,,,,,,,
,Jeans,40 / Grey,inventory,15,inventory,,,,,,,
,,,,,,UpdatingVariantAttributes,,,,,,
,,,,,,,,,,,,
SyncDisableNotUpdating,product,updateAttribute,updatedText,walmartJsonAtrribute,,,,,,,,
,pants,title,pant,product_title,,,,,,,,
,pant,description,pantsformen,description,,,,,,,,
,pant,product type,pantsformen,product_type,,,,,,,,
,pant,vendor,pantsformen,vendor,,,,,,,,
,pant,price,1350,price,,,,,,,,
,pant,inventory,1439,inventory,,,,,,,,
,pant,weight,2.2,weight,,,,,,,,
,pant,sku,964798,sku,,,,,,,,
,pant,barcode,101201203210,barcode,,,,,,,,
,,,,,SyncDisableNotUpdating,,,,,,,
,,,,,,,,,,,,
DeleteVariant,product,varianttobedeleted,,,,,,,,,,
,Jeans,34 / Magenta,,,,,,,,,,
,,,DeleteVariant,,,,,,,,,
,,,,,,,,,,,,
,,,,,,,,,,,,
VariantInventoryPolicyUpdate,product,variant,,,,,,,,,,
,Jeans,30 / Blue,,,,,,,,,,
,,,VariantInventoryPolicyUpdate,,,,,,,,,
,,,,,,,,,,,,
ProductWithExistingProductType,title,description,prodType,vendor,price,costperitem,inventory,weight,,,,
,Boxers,Boxers for men,Shirts,automation,1000,1000,25,0.1,,,,
,,,,,,,,,ProductWithExistingProductType,,,
,,,,,,,,,,,,
TagsUpdate,product,tags,,,,,,,,,,
,shirts,nocotton,,,,,,,,,,
,,,TagsUpdate,,,,,,,,,
,,,,,,,,,,,,
CreatingOrderInventoryUpdate,product,variant,firstletterofProduct,restlettersofProduct,,,,,,,,
,Jeans,40 / Grey,J,eans,,,,,,,,
,,,,,CreatingOrderInventoryUpdate,,,,,,,
,,,,,,,,,,,,
productAlreadyHavingVariant,product,size,color,inventory,,,,,,,,
,Jeans,34,Magenta,22,,,,,,,,
,,,,,productAlreadyHavingVariant,,,,,,,
,,,,,,,,,,,,
AfterRefundInventory,product,variant,ordertobeRefunded,,,,,,,,,
,Jeans,40 / Grey,#1011,,,,,,,,,
,,,,AfterRefundInventory,,,,,,,,
,,,,,,,,,,,,
ImportLimitReached,product,variantToDelete,firstSize,firstColor,firstInventory,secondSize,secondColor,secondInventory,,,,
,Jeans,33 / Black,33,Black,25,46,Blue,29,,,,
,,,,,,,,,ImportLimitReached,,,
,,,,,,,,,,,,
DuplicateSku,product,variant,variantToduplicatesku,,,,,,,,,
,Jeans,33 / Black,41 / Grey,,,,,,,,,
,,,,DuplicateSku,,,,,,,,
,,,,,,,,,,,,
ParticularAttributeSyncing,product,updateAttribute,updatedText,walmartJsonAtrribute,,,,,,,,
,pant,title,pantss,product_title,,,,,,,,
,pantss,description,pantss,description,,,,,,,,
,pantss,product type,pantss,product_type,,,,,,,,
,pantss,vendor,pantss,vendor,,,,,,,,
,pantss,price,1111,price,,,,,,,,
,pantss,inventory,111,inventory,,,,,,,,
,pantss,weight,10,weight,,,,,,,,
,pantss,sku,111111,sku,,,,,,,,
,pantss,barcode,121212121212,barcode,,,,,,,,
,,,,,ParticularAttributeSyncing,,,,,,,
,,,,,,,,,,,,
ManageProd_ShopNames,,,,,,,,,,,,
,ceddev,,,,,,,,,,,
,automationtesting,,,,,,,,,,,
,,ManageProd_ShopNames,,,,,,,,,,
,,,,,,,,,,,,
,,,,,,,,,,,,
UpdatingCsvForAttributes,shopname,Attributes,AttributeForExport,,,,,,,,,
,automationtesting,product_title,Title,,,,,,,,,
,automationtesting,description,Description,,,,,,,,,
,automationtesting,price,Price,,,,,,,,,
,automationtesting,compare_at_price,Compare At Price,,,,,,,,,
,automationtesting,inventory,Inventory,,,,,,,,,
,automationtesting,barcode,Barcode,,,,,,,,,
,automationtesting,weight,Weight,,,,,,,,,
,automationtesting,fulfillment_lag_time,Fullfillment lag Time,,,,,,,,,
,automationtesting,sku_override,SKU Override,,,,,,,,,
,automationtesting,product_id_override,Product Id Override,,,,,,,,,
,,,,UpdatingCsvForAttributes,,,,,,,,
,,,,,,,,,,,,
PricingPlan,Attribute,indexforprice,indexforurl,,,,,,,,,
,Annual Basic,1,2,,,,,,,,,
,Annual Standard,2,3,,,,,,,,,
,Annual Premium,3,4,,,,,,,,,
,Monthly Basic,4,6,,,,,,,,,
,Monthly Standard,5,7,,,,,,,,,
,Monthly Premium,6,8,,,,,,,,,
,,,,PricingPlan,,,,,,,,
